FEC_VALOR,COD_INVERSION,COD_EMPRESA,VALOR,IND_AUTORIZADO
01/01/2017,0,2,10.3416923,S
01/01/2017,1,2,22.1402885,S
01/01/2017,2,2,29.4107157,S
01/01/2017,3,2,34.7237981,S
02/01/2017,0,2,10.3416923,S
02/01/2017,1,2,22.1402885,S
02/01/2017,2,2,29.4107157,S
02/01/2017,3,2,34.7237981,S
03/01/2017,0,2,10.3439765,S
03/01/2017,1,2,22.1482535,S
03/01/2017,3,2,34.8096176,S
03/01/2017,2,2,29.4561168,S
04/01/2017,3,2,35.1392071,S
04/01/2017,0,2,10.3454736,S
04/01/2017,1,2,22.2498804,S
04/01/2017,2,2,29.6706173,S
05/01/2017,0,2,10.3466848,S
05/01/2017,3,2,35.1495048,S
05/01/2017,1,2,22.2161481,S
05/01/2017,2,2,29.6625224,S
06/01/2017,0,2,10.3473377,S
06/01/2017,1,2,22.2002258,S
06/01/2017,3,2,35.0053189,S
06/01/2017,2,2,29.6078519,S
07/01/2017,0,2,10.3490879,S
07/01/2017,1,2,22.2855298,S
07/01/2017,3,2,35.1673032,S
07/01/2017,2,2,29.7315597,S
08/01/2017,3,2,35.1673032,S
08/01/2017,0,2,10.3490879,S
08/01/2017,1,2,22.2855298,S
08/01/2017,2,2,29.7315597,S
09/01/2017,3,2,35.1673032,S
09/01/2017,2,2,29.7315597,S
09/01/2017,1,2,22.2855298,S
09/01/2017,0,2,10.3490879,S
10/01/2017,0,2,10.352557,S
10/01/2017,3,2,35.1229125,S
10/01/2017,1,2,22.3206206,S
10/01/2017,2,2,29.7708666,S
11/01/2017,1,2,22.3489712,S
11/01/2017,0,2,10.3538834,S
11/01/2017,3,2,35.1246151,S
11/01/2017,2,2,29.7958805,S
12/01/2017,0,2,10.3534015,S
12/01/2017,3,2,35.0689391,S
12/01/2017,1,2,22.3385485,S
12/01/2017,2,2,29.7936145,S
13/01/2017,0,2,10.3550038,S
13/01/2017,1,2,22.3501203,S
13/01/2017,3,2,34.7672063,S
13/01/2017,2,2,29.7431439,S
14/01/2017,0,2,10.3561829,S
14/01/2017,1,2,22.3771426,S
14/01/2017,3,2,34.8732539,S
14/01/2017,2,2,29.7860674,S
15/01/2017,0,2,10.3561829,S
15/01/2017,1,2,22.3771426,S
15/01/2017,2,2,29.7860674,S
15/01/2017,3,2,34.8732539,S
16/01/2017,0,2,10.3561829,S
16/01/2017,1,2,22.3771426,S
16/01/2017,2,2,29.7860674,S
16/01/2017,3,2,34.8732539,S
17/01/2017,0,2,10.3602193,S
17/01/2017,3,2,34.9126274,S
17/01/2017,1,2,22.3830766,S
17/01/2017,2,2,29.7945878,S
18/01/2017,0,2,10.3614331,S
18/01/2017,3,2,34.6265409,S
18/01/2017,2,2,29.6720586,S
18/01/2017,1,2,22.366684,S
19/01/2017,0,2,10.3631063,S
19/01/2017,1,2,22.3529475,S
19/01/2017,3,2,34.5949966,S
19/01/2017,2,2,29.6335903,S
20/01/2017,0,2,10.3652218,S
20/01/2017,1,2,22.2747546,S
20/01/2017,3,2,34.4129414,S
20/01/2017,2,2,29.5069549,S
21/01/2017,2,2,29.4535839,S
21/01/2017,1,2,22.2381148,S
21/01/2017,0,2,10.3670346,S
22/01/2017,0,2,10.3670346,S
21/01/2017,3,2,34.2754089,S
22/01/2017,1,2,22.2381148,S
22/01/2017,3,2,34.2754089,S
22/01/2017,2,2,29.4535839,S
23/01/2017,1,2,22.2381148,S
23/01/2017,0,2,10.3670346,S
23/01/2017,2,2,29.4535839,S
23/01/2017,3,2,34.2754089,S
24/01/2017,0,2,10.3702369,S
24/01/2017,1,2,22.2329885,S
24/01/2017,3,2,34.1223782,S
24/01/2017,2,2,29.4027682,S
25/01/2017,0,2,10.371382,S
25/01/2017,3,2,34.319953,S
25/01/2017,1,2,22.2792626,S
25/01/2017,2,2,29.4709791,S
26/01/2017,1,2,22.3302189,S
26/01/2017,0,2,10.3723522,S
26/01/2017,3,2,34.5946428,S
26/01/2017,2,2,29.6090397,S
27/01/2017,0,2,10.3732479,S
27/01/2017,1,2,22.3649052,S
27/01/2017,3,2,34.6860349,S
27/01/2017,2,2,29.6798123,S
28/01/2017,0,2,10.3740462,S
28/01/2017,3,2,34.4789006,S
28/01/2017,1,2,22.3526295,S
28/01/2017,2,2,29.6210679,S
29/01/2017,0,2,10.3740462,S
29/01/2017,1,2,22.3526295,S
29/01/2017,2,2,29.6210679,S
29/01/2017,3,2,34.4789006,S
30/01/2017,0,2,10.3740462,S
30/01/2017,1,2,22.3526295,S
30/01/2017,3,2,34.4789006,S
30/01/2017,2,2,29.6210679,S
31/01/2017,1,2,22.3369093,S
31/01/2017,3,2,34.2310438,S
31/01/2017,0,2,10.377343,S
31/01/2017,2,2,29.5303061,S
01/02/2017,2,2,29.5052056,S
01/02/2017,1,2,22.3386748,S
01/02/2017,0,2,10.378482,S
01/02/2017,3,2,34.1577259,S
02/02/2017,0,2,10.3792127,S
02/02/2017,3,2,34.2218918,S
02/02/2017,1,2,22.3923873,S
02/02/2017,2,2,29.5571574,S
03/02/2017,0,2,10.3798562,S
03/02/2017,1,2,22.3388137,S
03/02/2017,3,2,34.1000005,S
03/02/2017,2,2,29.4688147,S
04/02/2017,0,2,10.380862,S
04/02/2017,3,2,34.2738505,S
04/02/2017,1,2,22.3826423,S
04/02/2017,2,2,29.5694788,S
05/02/2017,0,2,10.380862,S
05/02/2017,1,2,22.3826423,S
05/02/2017,2,2,29.5694788,S
05/02/2017,3,2,34.2738505,S
06/02/2017,0,2,10.380862,S
06/02/2017,1,2,22.3826423,S
06/02/2017,2,2,29.5694788,S
06/02/2017,3,2,34.2738505,S
07/02/2017,0,2,10.3837024,S
07/02/2017,3,2,34.4367047,S
07/02/2017,1,2,22.4205112,S
07/02/2017,2,2,29.6546876,S
08/02/2017,3,2,34.1234567,S
08/02/2017,2,2,29.1234567,S
08/02/2017,1,2,22.1234567,S
08/02/2017,0,2,10.1234567,S
09/02/2017,0,2,10.3859695,S
09/02/2017,3,2,34.4134345,S
09/02/2017,2,2,29.5958705,S
10/02/2017,3,2,34.3849739,S
09/02/2017,1,2,22.3525344,S
10/02/2017,2,2,29.579407,S
10/02/2017,1,2,22.3454042,S
10/02/2017,0,2,10.3871836,S
11/02/2017,3,2,34.3287961,S
11/02/2017,1,2,22.3006539,S
11/02/2017,0,2,10.3873199,S
11/02/2017,2,2,29.5407898,S
12/02/2017,1,2,22.3006539,S
12/02/2017,0,2,10.3873199,S
12/02/2017,3,2,34.3287961,S
12/02/2017,2,2,29.5407898,S
13/02/2017,0,2,10.3873199,S
13/02/2017,1,2,22.3006539,S
13/02/2017,2,2,29.5407898,S
13/02/2017,3,2,34.3287961,S
14/02/2017,1,2,22.3270265,S
14/02/2017,2,2,29.6278075,S
14/02/2017,3,2,34.4927682,S
14/02/2017,0,2,10.3906051,S
15/02/2017,1,2,22.3411714,S
15/02/2017,3,2,34.5720361,S
15/02/2017,0,2,10.3915317,S
15/02/2017,2,2,29.6635788,S
16/02/2017,2,2,29.6456473,S
16/02/2017,1,2,22.3470154,S
16/02/2017,3,2,34.534156,S
16/02/2017,0,2,10.3936672,S
17/02/2017,1,2,22.3328095,S
17/02/2017,2,2,29.6159723,S
17/02/2017,3,2,34.5108174,S
17/02/2017,0,2,10.3950069,S
18/02/2017,3,2,34.5838605,S
18/02/2017,0,2,10.3961952,S
18/02/2017,1,2,22.3606697,S
18/02/2017,2,2,29.6599592,S
19/02/2017,0,2,10.3961952,S
19/02/2017,1,2,22.3606697,S
19/02/2017,2,2,29.6599592,S
19/02/2017,3,2,34.5838605,S
20/02/2017,0,2,10.3961952,S
20/02/2017,1,2,22.3606697,S
20/02/2017,2,2,29.6599592,S
20/02/2017,3,2,34.5838605,S
21/02/2017,0,2,10.4006898,S
21/02/2017,3,2,34.5832969,S
21/02/2017,2,2,29.6366379,S
21/02/2017,1,2,22.3472948,S
22/02/2017,1,2,22.3333312,S
22/02/2017,3,2,34.6105973,S
22/02/2017,2,2,29.6422467,S
22/02/2017,0,2,10.4018203,S
23/02/2017,3,2,34.6243125,S
23/02/2017,2,2,29.6346136,S
23/02/2017,1,2,22.2799878,S
23/02/2017,0,2,10.4027426,S
24/02/2017,1,2,22.2959622,S
24/02/2017,2,2,29.6446715,S
24/02/2017,3,2,34.5604809,S
24/02/2017,0,2,10.4039304,S
25/02/2017,0,2,10.4058611,S
25/02/2017,1,2,22.2975468,S
25/02/2017,3,2,34.2673396,S
25/02/2017,2,2,29.6339467,S
26/02/2017,1,2,22.2975468,S
26/02/2017,0,2,10.4058611,S
26/02/2017,3,2,34.2673396,S
26/02/2017,2,2,29.6339467,S
27/02/2017,0,2,10.4058611,S
27/02/2017,1,2,22.2975468,S
27/02/2017,3,2,34.2673396,S
27/02/2017,2,2,29.6339467,S
28/02/2017,0,2,10.4093185,S
01/03/2017,0,2,10.4105777,S
28/02/2017,1,2,22.2861516,S
28/02/2017,2,2,29.6120325,S
28/02/2017,3,2,34.1222574,S
01/03/2017,1,2,22.3204701,S
01/03/2017,2,2,29.6603895,S
01/03/2017,3,2,34.229925,S
02/03/2017,1,2,22.3368372,S
02/03/2017,0,2,10.411715,S
02/03/2017,3,2,34.5208993,S
03/03/2017,0,2,10.4126575,S
02/03/2017,2,2,29.7809543,S
03/03/2017,1,2,22.3690201,S
03/03/2017,3,2,34.6301679,S
03/03/2017,2,2,29.8294839,S
04/03/2017,0,2,10.4141119,S
04/03/2017,1,2,22.3777291,S
04/03/2017,3,2,34.5531414,S
04/03/2017,2,2,29.8389484,S
05/03/2017,0,2,10.4141119,S
05/03/2017,1,2,22.3777291,S
05/03/2017,2,2,29.8389484,S
05/03/2017,3,2,34.5531414,S
06/03/2017,0,2,10.4141119,S
06/03/2017,1,2,22.3777291,S
06/03/2017,2,2,29.8389484,S
06/03/2017,3,2,34.5531414,S
07/03/2017,0,2,10.4174322,S
07/03/2017,1,2,22.3993436,S
07/03/2017,2,2,29.8355132,S
08/03/2017,0,2,10.4184061,S
07/03/2017,3,2,34.44735,S
08/03/2017,1,2,22.3778369,S
08/03/2017,2,2,29.7564781,S
08/03/2017,3,2,34.2555202,S
09/03/2017,3,2,34.3515554,S
09/03/2017,0,2,10.4193462,S
09/03/2017,1,2,22.399496,S
09/03/2017,2,2,29.8120653,S
10/03/2017,0,2,10.4208543,S
10/03/2017,1,2,22.3435584,S
10/03/2017,3,2,34.2491809,S
10/03/2017,2,2,29.7468341,S
11/03/2017,0,2,10.4224602,S
11/03/2017,1,2,22.3671061,S
11/03/2017,3,2,34.3010495,S
11/03/2017,2,2,29.7960319,S
12/03/2017,3,2,34.3010495,S
12/03/2017,0,2,10.4224602,S
12/03/2017,1,2,22.3671061,S
12/03/2017,2,2,29.7960319,S
13/03/2017,3,2,34.3010495,S
13/03/2017,2,2,29.7960319,S
13/03/2017,1,2,22.3671061,S
13/03/2017,0,2,10.4224602,S
14/03/2017,3,2,34.2330578,S
14/03/2017,0,2,10.4259948,S
14/03/2017,1,2,22.3662382,S
14/03/2017,2,2,29.7890878,S
15/03/2017,3,2,34.0688262,S
15/03/2017,1,2,22.3475412,S
15/03/2017,0,2,10.427984,S
15/03/2017,2,2,29.7251964,S
16/03/2017,1,2,22.3577431,S
16/03/2017,3,2,34.1278827,S
16/03/2017,0,2,10.4296903,S
16/03/2017,2,2,29.762625,S
17/03/2017,1,2,22.4279989,S
17/03/2017,3,2,34.2877729,S
17/03/2017,2,2,29.8650216,S
17/03/2017,0,2,10.4314453,S
18/03/2017,3,2,34.3210722,S
18/03/2017,0,2,10.4325847,S
18/03/2017,1,2,22.475597,S
18/03/2017,2,2,29.9001462,S
19/03/2017,0,2,10.4325847,S
19/03/2017,1,2,22.475597,S
19/03/2017,2,2,29.9001462,S
19/03/2017,3,2,34.3210722,S
20/03/2017,0,2,10.4325847,S
20/03/2017,1,2,22.475597,S
20/03/2017,2,2,29.9001462,S
20/03/2017,3,2,34.3210722,S
21/03/2017,0,2,10.4355282,S
21/03/2017,3,2,34.34485,S
21/03/2017,1,2,22.4600471,S
21/03/2017,2,2,29.881249,S
22/03/2017,1,2,22.5098418,S
22/03/2017,3,2,34.2376872,S
22/03/2017,2,2,29.8731655,S
22/03/2017,0,2,10.4367488,S
23/03/2017,0,2,10.4379773,S
23/03/2017,3,2,34.0201851,S
23/03/2017,1,2,22.4847983,S
23/03/2017,2,2,29.7711396,S
24/03/2017,0,2,10.4387189,S
24/03/2017,1,2,22.5092629,S
24/03/2017,2,2,29.8189748,S
24/03/2017,3,2,34.0966292,S
25/03/2017,0,2,10.4406412,S
25/03/2017,3,2,34.1444165,S
25/03/2017,1,2,22.53432,S
25/03/2017,2,2,29.8510276,S
26/03/2017,0,2,10.4406412,S
26/03/2017,1,2,22.53432,S
26/03/2017,2,2,29.8510276,S
26/03/2017,3,2,34.1444165,S
27/03/2017,0,2,10.4406412,S
27/03/2017,1,2,22.53432,S
27/03/2017,2,2,29.8510276,S
27/03/2017,3,2,34.1444165,S
28/03/2017,0,2,10.4484133,S
28/03/2017,3,2,34.15739,S
28/03/2017,1,2,22.5771575,S
28/03/2017,2,2,29.8819707,S
29/03/2017,0,2,10.4510711,S
29/03/2017,3,2,34.2998819,S
29/03/2017,1,2,22.6206395,S
30/03/2017,0,2,10.453158,S
29/03/2017,2,2,29.9657367,S
30/03/2017,3,2,34.4351827,S
30/03/2017,2,2,30.0253617,S
30/03/2017,1,2,22.6605659,S
31/03/2017,0,2,10.454352,S
31/03/2017,1,2,22.6355655,S
31/03/2017,2,2,29.9949774,S
31/03/2017,3,2,34.3985393,S
01/04/2017,0,2,10.4557697,S
01/04/2017,1,2,22.6867604,S
01/04/2017,2,2,30.0754493,S
02/04/2017,0,2,10.4557697,S
01/04/2017,3,2,34.5303815,S
02/04/2017,1,2,22.6867604,S
02/04/2017,2,2,30.0754493,S
02/04/2017,3,2,34.5303815,S
03/04/2017,0,2,10.4557697,S
03/04/2017,1,2,22.6867604,S
03/04/2017,2,2,30.0754493,S
03/04/2017,3,2,34.5303815,S
04/04/2017,0,2,10.4598623,S
04/04/2017,2,2,30.0613404,S
04/04/2017,1,2,22.6788419,S
05/04/2017,0,2,10.4626794,S
04/04/2017,3,2,34.5564544,S
05/04/2017,2,2,30.0892392,S
05/04/2017,1,2,22.6978998,S
05/04/2017,3,2,34.6029159,S
06/04/2017,0,2,10.4635295,S
06/04/2017,3,2,34.6134688,S
06/04/2017,1,2,22.7025236,S
06/04/2017,2,2,30.0715553,S
07/04/2017,3,2,34.6905372,S
07/04/2017,0,2,10.4659177,S
08/04/2017,0,2,10.4685914,S
07/04/2017,2,2,30.0993169,S
07/04/2017,1,2,22.7206995,S
08/04/2017,3,2,34.6618477,S
08/04/2017,1,2,22.7595733,S
09/04/2017,0,2,10.4685914,S
08/04/2017,2,2,30.1122783,S
09/04/2017,1,2,22.7595733,S
09/04/2017,2,2,30.1122783,S
09/04/2017,3,2,34.6618477,S
10/04/2017,0,2,10.4685914,S
10/04/2017,1,2,22.7595733,S
10/04/2017,2,2,30.1122783,S
10/04/2017,3,2,34.6618477,S
11/04/2017,0,2,10.471465,S
11/04/2017,3,2,34.6002262,S
11/04/2017,1,2,22.723255,S
11/04/2017,2,2,30.066476,S
12/04/2017,0,2,10.4716635,S
12/04/2017,2,2,30.0907733,S
12/04/2017,1,2,22.733079,S
12/04/2017,3,2,34.6798264,S
13/04/2017,0,2,10.4730992,S
13/04/2017,1,2,22.7252096,S
13/04/2017,3,2,34.6569055,S
13/04/2017,2,2,30.0780518,S
14/04/2017,0,2,10.4743314,S
14/04/2017,1,2,22.7178406,S
14/04/2017,3,2,34.493794,S
14/04/2017,2,2,30.0104606,S
15/04/2017,0,2,10.4755638,S
16/04/2017,0,2,10.4755638,S
15/04/2017,2,2,30.0183334,S
15/04/2017,1,2,22.7263217,S
15/04/2017,3,2,34.4922034,S
16/04/2017,1,2,22.7263217,S
16/04/2017,2,2,30.0183334,S
16/04/2017,3,2,34.4922034,S
17/04/2017,0,2,10.4755638,S
17/04/2017,1,2,22.7263217,S
17/04/2017,2,2,30.0183334,S
17/04/2017,3,2,34.4922034,S
18/04/2017,0,2,10.4794858,S
18/04/2017,1,2,22.7378036,S
18/04/2017,3,2,34.4597076,S
18/04/2017,2,2,30.0328095,S
19/04/2017,0,2,10.4815964,S
19/04/2017,1,2,22.7562091,S
19/04/2017,2,2,30.020589,S
19/04/2017,3,2,34.3629016,S
20/04/2017,0,2,10.4832435,S
20/04/2017,1,2,22.7666693,S
20/04/2017,3,2,34.3585182,S
20/04/2017,2,2,30.0237091,S
21/04/2017,0,2,10.4845189,S
21/04/2017,1,2,22.7721675,S
21/04/2017,3,2,34.5117213,S
21/04/2017,2,2,30.084361,S
22/04/2017,3,2,34.4100254,S
22/04/2017,0,2,10.4862757,S
22/04/2017,1,2,22.7489654,S
22/04/2017,2,2,30.0316421,S
23/04/2017,1,2,22.7489654,S
23/04/2017,2,2,30.0316421,S
23/04/2017,3,2,34.4100254,S
23/04/2017,0,2,10.4862757,S
24/04/2017,0,2,10.4862757,S
24/04/2017,1,2,22.7489654,S
24/04/2017,2,2,30.0316421,S
24/04/2017,3,2,34.4100254,S
25/04/2017,0,2,10.4901467,S
25/04/2017,3,2,34.760214,S
25/04/2017,2,2,30.2498564,S
25/04/2017,1,2,22.8350197,S
26/04/2017,0,2,10.4916916,S
26/04/2017,1,2,22.856788,S
26/04/2017,3,2,35.0590896,S
26/04/2017,2,2,30.3788696,S
27/04/2017,0,2,10.4929178,S
27/04/2017,1,2,22.8540037,S
27/04/2017,3,2,35.1603471,S
27/04/2017,2,2,30.41297,S
28/04/2017,0,2,10.4945705,S
28/04/2017,1,2,22.8637491,S
28/04/2017,3,2,35.0793418,S
28/04/2017,2,2,30.41369,S
29/04/2017,0,2,10.4959673,S
29/04/2017,1,2,22.8783133,S
29/04/2017,3,2,34.9384846,S
29/04/2017,2,2,30.3891254,S
30/04/2017,0,2,10.4959673,S
30/04/2017,1,2,22.8783133,S
30/04/2017,2,2,30.3891254,S
30/04/2017,3,2,34.9384846,S
01/05/2017,0,2,10.4959673,S
01/05/2017,1,2,22.8783133,S
01/05/2017,2,2,30.3891254,S
01/05/2017,3,2,34.9384846,S
02/05/2017,0,2,10.499472,S
02/05/2017,3,2,34.9864861,S
02/05/2017,2,2,30.4159538,S
02/05/2017,1,2,22.8915516,S
03/05/2017,0,2,10.5005633,S
03/05/2017,1,2,23.0388223,S
03/05/2017,3,2,35.1460645,S
03/05/2017,2,2,30.5795699,S
04/05/2017,0,2,10.5020918,S
04/05/2017,3,2,35.2674825,S
04/05/2017,1,2,23.1021447,S
04/05/2017,2,2,30.6815254,S
05/05/2017,0,2,10.5033336,S
05/05/2017,1,2,23.130496,S
05/05/2017,3,2,35.5989771,S
05/05/2017,2,2,30.8571402,S
06/05/2017,3,2,35.5342797,S
06/05/2017,0,2,10.5054793,S
06/05/2017,1,2,23.0692116,S
06/05/2017,2,2,30.7878898,S
07/05/2017,0,2,10.5054793,S
07/05/2017,1,2,23.0692116,S
07/05/2017,2,2,30.7878898,S
07/05/2017,3,2,35.5342797,S
08/05/2017,0,2,10.5054793,S
08/05/2017,1,2,23.0692116,S
08/05/2017,2,2,30.7878898,S
08/05/2017,3,2,35.5342797,S
09/05/2017,3,2,35.8004279,S
09/05/2017,0,2,10.5092588,S
09/05/2017,1,2,23.1132825,S
10/05/2017,3,2,35.9011086,S
09/05/2017,2,2,30.897071,S
10/05/2017,0,2,10.5101849,S
10/05/2017,2,2,30.9360803,S
11/05/2017,3,2,35.8237664,S
10/05/2017,1,2,23.1166951,S
11/05/2017,0,2,10.5120384,S
11/05/2017,2,2,30.9461827,S
11/05/2017,1,2,23.145372,S
12/05/2017,0,2,10.5137853,S
12/05/2017,1,2,23.1469645,S
12/05/2017,3,2,35.833796,S
12/05/2017,2,2,30.9273381,S
13/05/2017,0,2,10.516774,S
13/05/2017,3,2,35.7332476,S
13/05/2017,1,2,23.1376886,S
13/05/2017,2,2,30.8733618,S
14/05/2017,0,2,10.516774,S
14/05/2017,1,2,23.1376886,S
14/05/2017,2,2,30.8733618,S
14/05/2017,3,2,35.7332476,S
15/05/2017,0,2,10.516774,S
15/05/2017,1,2,23.1376886,S
15/05/2017,2,2,30.8733618,S
15/05/2017,3,2,35.7332476,S
16/05/2017,3,2,35.8106852,S
16/05/2017,0,2,10.5219537,S
16/05/2017,1,2,23.1428455,S
16/05/2017,2,2,30.9001208,S
17/05/2017,3,2,35.8777748,S
17/05/2017,0,2,10.5233807,S
17/05/2017,1,2,23.1733276,S
18/05/2017,3,2,35.6214349,S
17/05/2017,2,2,30.9702286,S
18/05/2017,1,2,23.1625656,S
18/05/2017,0,2,10.5245557,S
18/05/2017,2,2,30.8595847,S
19/05/2017,3,2,35.4227333,S
19/05/2017,0,2,10.5264711,S
19/05/2017,2,2,30.7763228,S
19/05/2017,1,2,23.1036863,S
20/05/2017,0,2,10.5277953,S
20/05/2017,1,2,23.1029231,S
20/05/2017,3,2,35.5677254,S
20/05/2017,2,2,30.8175742,S
21/05/2017,3,2,35.5677254,S
21/05/2017,0,2,10.5277953,S
21/05/2017,1,2,23.1029231,S
21/05/2017,2,2,30.8175742,S
22/05/2017,3,2,35.5677254,S
22/05/2017,2,2,30.8175742,S
22/05/2017,1,2,23.1029231,S
22/05/2017,0,2,10.5277953,S
23/05/2017,0,2,10.5323084,S
23/05/2017,3,2,35.7317073,S
23/05/2017,1,2,23.1253713,S
23/05/2017,2,2,30.89268,S
24/05/2017,0,2,10.5335389,S
24/05/2017,3,2,35.8176187,S
24/05/2017,1,2,23.1474228,S
24/05/2017,2,2,30.9418273,S
25/05/2017,0,2,10.5348929,S
25/05/2017,3,2,35.7013342,S
25/05/2017,1,2,23.1304589,S
25/05/2017,2,2,30.8810495,S
26/05/2017,1,2,23.1477466,S
26/05/2017,0,2,10.5364179,S
26/05/2017,3,2,35.7763983,S
26/05/2017,2,2,30.9332525,S
27/05/2017,0,2,10.5376244,S
27/05/2017,1,2,23.1801311,S
27/05/2017,3,2,35.7691058,S
27/05/2017,2,2,30.9611046,S
28/05/2017,0,2,10.5376244,S
28/05/2017,1,2,23.1801311,S
28/05/2017,2,2,30.9611046,S
28/05/2017,3,2,35.7691058,S
29/05/2017,0,2,10.5376244,S
29/05/2017,1,2,23.1801311,S
29/05/2017,2,2,30.9611046,S
29/05/2017,3,2,35.7691058,S
30/05/2017,1,2,23.2116491,S
30/05/2017,3,2,35.8733157,S
30/05/2017,0,2,10.5415859,S
30/05/2017,2,2,31.0183469,S
31/05/2017,0,2,10.54276,S
31/05/2017,1,2,23.2170633,S
31/05/2017,3,2,35.8123699,S
31/05/2017,2,2,31.0167816,S
01/06/2017,1,2,23.2162296,S
01/06/2017,3,2,35.7306918,S
01/06/2017,0,2,10.5439541,S
02/06/2017,0,2,10.5449891,S
01/06/2017,2,2,30.985946,S
02/06/2017,1,2,23.2594997,S
02/06/2017,2,2,31.094381,S
02/06/2017,3,2,35.88719,S
03/06/2017,0,2,10.5462763,S
03/06/2017,1,2,23.29265,S
03/06/2017,3,2,36.0926989,S
03/06/2017,2,2,31.2038751,S
04/06/2017,0,2,10.5462763,S
04/06/2017,1,2,23.29265,S
04/06/2017,2,2,31.2038751,S
04/06/2017,3,2,36.0926989,S
05/06/2017,0,2,10.5462763,S
05/06/2017,1,2,23.29265,S
05/06/2017,2,2,31.2038751,S
05/06/2017,3,2,36.0926989,S
06/06/2017,0,2,10.5499976,S
06/06/2017,3,2,36.0356479,S
06/06/2017,1,2,23.2835561,S
06/06/2017,2,2,31.162986,S
07/06/2017,0,2,10.5512131,S
07/06/2017,1,2,23.2875825,S
07/06/2017,3,2,35.9499535,S
07/06/2017,2,2,31.1281619,S
08/06/2017,3,2,35.9760975,S
08/06/2017,1,2,23.3009232,S
08/06/2017,0,2,10.5524789,S
08/06/2017,2,2,31.1516636,S
09/06/2017,3,2,35.9893346,S
09/06/2017,2,2,31.162539,S
09/06/2017,0,2,10.5539058,S
09/06/2017,1,2,23.2976411,S
10/06/2017,0,2,10.5551123,S
10/06/2017,1,2,23.2986726,S
10/06/2017,3,2,36.0290975,S
10/06/2017,2,2,31.1657462,S
11/06/2017,0,2,10.5551123,S
11/06/2017,1,2,23.2986726,S
11/06/2017,2,2,31.1657462,S
11/06/2017,3,2,36.0290975,S
12/06/2017,0,2,10.5551123,S
12/06/2017,1,2,23.2986726,S
12/06/2017,2,2,31.1657462,S
12/06/2017,3,2,36.0290975,S
13/06/2017,3,2,36.0923558,S
13/06/2017,0,2,10.5586827,S
13/06/2017,2,2,31.2136518,S
13/06/2017,1,2,23.3305267,S
14/06/2017,3,2,36.0385053,S
14/06/2017,0,2,10.5598014,S
14/06/2017,1,2,23.3386192,S
14/06/2017,2,2,31.1987472,S
15/06/2017,0,2,10.5611704,S
15/06/2017,1,2,23.348001,S
15/06/2017,3,2,36.0212065,S
15/06/2017,2,2,31.1951066,S
16/06/2017,0,2,10.5623998,S
16/06/2017,3,2,35.9240421,S
16/06/2017,1,2,23.3658239,S
16/06/2017,2,2,31.1774952,S
17/06/2017,0,2,10.563543,S
17/06/2017,2,2,31.1648323,S
17/06/2017,3,2,35.8633091,S
17/06/2017,1,2,23.3576141,S
18/06/2017,0,2,10.563543,S
18/06/2017,1,2,23.3576141,S
18/06/2017,2,2,31.1648323,S
18/06/2017,3,2,35.8633091,S
19/06/2017,1,2,23.3576141,S
19/06/2017,2,2,31.1648323,S
19/06/2017,3,2,35.8633091,S
19/06/2017,0,2,10.563543,S
20/06/2017,0,2,10.5672093,S
20/06/2017,2,2,31.2056536,S
20/06/2017,1,2,23.359842,S
20/06/2017,3,2,35.9517095,S
21/06/2017,1,2,23.3660088,S
21/06/2017,0,2,10.5686732,S
21/06/2017,3,2,35.9547603,S
21/06/2017,2,2,31.2108604,S
22/06/2017,0,2,10.5698551,S
22/06/2017,1,2,23.3704131,S
22/06/2017,3,2,35.905766,S
22/06/2017,2,2,31.1834547,S
23/06/2017,1,2,23.3314634,S
23/06/2017,0,2,10.5710892,S
23/06/2017,3,2,35.8637897,S
23/06/2017,2,2,31.1241533,S
24/06/2017,0,2,10.5724989,S
24/06/2017,3,2,35.8771318,S
24/06/2017,1,2,23.3349911,S
24/06/2017,2,2,31.1267934,S
25/06/2017,0,2,10.5724989,S
25/06/2017,1,2,23.3349911,S
25/06/2017,2,2,31.1267934,S
25/06/2017,3,2,35.8771318,S
26/06/2017,0,2,10.5724989,S
26/06/2017,1,2,23.3349911,S
26/06/2017,2,2,31.1267934,S
26/06/2017,3,2,35.8771318,S
27/06/2017,0,2,10.5758927,S
27/06/2017,3,2,35.8871167,S
27/06/2017,2,2,31.1422931,S
28/06/2017,0,2,10.5771075,S
27/06/2017,1,2,23.3696705,S
28/06/2017,2,2,31.1944218,S
28/06/2017,3,2,35.9970111,S
28/06/2017,1,2,23.3675797,S
29/06/2017,0,2,10.5781271,S
29/06/2017,1,2,23.3481703,S
29/06/2017,3,2,35.9173034,S
29/06/2017,2,2,31.1636527,S
30/06/2017,0,2,10.5792534,S
30/06/2017,1,2,23.3403485,S
30/06/2017,3,2,35.8449811,S
01/07/2017,2,2,31.1378808,S
30/06/2017,2,2,31.1142268,S
01/07/2017,3,2,35.8712487,S
01/07/2017,0,2,10.5805774,S
01/07/2017,1,2,23.3512752,S
02/07/2017,0,2,10.5805774,S
02/07/2017,1,2,23.3512752,S
02/07/2017,2,2,31.1378808,S
02/07/2017,3,2,35.8712487,S
03/07/2017,0,2,10.5805774,S
03/07/2017,1,2,23.3512752,S
03/07/2017,2,2,31.1378808,S
03/07/2017,3,2,35.8712487,S
04/07/2017,0,2,10.5843659,S
04/07/2017,3,2,35.9712976,S
04/07/2017,2,2,31.1780621,S
04/07/2017,1,2,23.3552749,S
05/07/2017,3,2,35.9814839,S
05/07/2017,1,2,23.3279526,S
05/07/2017,0,2,10.5855869,S
05/07/2017,2,2,31.1514978,S
06/07/2017,0,2,10.5867893,S
06/07/2017,3,2,36.0188589,S
06/07/2017,2,2,31.1480344,S
07/07/2017,0,2,10.5879852,S
06/07/2017,1,2,23.3183323,S
07/07/2017,3,2,35.9148305,S
07/07/2017,1,2,23.2746035,S
07/07/2017,2,2,31.0589782,S
08/07/2017,1,2,23.2232564,S
08/07/2017,2,2,30.9952314,S
08/07/2017,0,2,10.5892058,S
08/07/2017,3,2,35.8638387,S
09/07/2017,0,2,10.5892058,S
09/07/2017,1,2,23.2232564,S
09/07/2017,2,2,30.9952314,S
09/07/2017,3,2,35.8638387,S
10/07/2017,0,2,10.5892058,S
10/07/2017,1,2,23.2232564,S
10/07/2017,2,2,30.9952314,S
10/07/2017,3,2,35.8638387,S
11/07/2017,0,2,10.5926321,S
11/07/2017,3,2,35.8789356,S
11/07/2017,1,2,23.2210548,S
11/07/2017,2,2,31.0016153,S
12/07/2017,0,2,10.5937422,S
12/07/2017,2,2,31.0749246,S
12/07/2017,1,2,23.2642756,S
12/07/2017,3,2,35.9470724,S
13/07/2017,0,2,10.594925,S
13/07/2017,3,2,36.0356341,S
13/07/2017,1,2,23.3095685,S
13/07/2017,2,2,31.1454813,S
14/07/2017,0,2,10.5962155,S
14/07/2017,2,2,31.1686592,S
14/07/2017,1,2,23.3092995,S
14/07/2017,3,2,36.0839289,S
15/07/2017,0,2,10.5972279,S
15/07/2017,2,2,31.2395495,S
15/07/2017,3,2,36.1933941,S
15/07/2017,1,2,23.3533473,S
16/07/2017,0,2,10.5972279,S
16/07/2017,1,2,23.3533473,S
16/07/2017,2,2,31.2395495,S
16/07/2017,3,2,36.1933941,S
17/07/2017,3,2,36.1933941,S
17/07/2017,2,2,31.2395495,S
17/07/2017,1,2,23.3533473,S
17/07/2017,0,2,10.5972279,S
18/07/2017,0,2,10.6006978,S
18/07/2017,2,2,31.279071,S
18/07/2017,3,2,36.2489927,S
18/07/2017,1,2,23.3755573,S
19/07/2017,0,2,10.6019686,S
19/07/2017,3,2,36.2101605,S
19/07/2017,1,2,23.4039795,S
19/07/2017,2,2,31.2968132,S
20/07/2017,0,2,10.6031612,S
20/07/2017,3,2,36.2550333,S
20/07/2017,2,2,31.3276816,S
20/07/2017,1,2,23.4275706,S
21/07/2017,0,2,10.604362,S
21/07/2017,3,2,36.3826145,S
21/07/2017,1,2,23.4963114,S
21/07/2017,2,2,31.444471,S
22/07/2017,0,2,10.605485,S
22/07/2017,3,2,36.3927692,S
22/07/2017,2,2,31.4787961,S
22/07/2017,1,2,23.5309736,S
23/07/2017,0,2,10.605485,S
23/07/2017,1,2,23.5309736,S
23/07/2017,2,2,31.4787961,S
23/07/2017,3,2,36.3927692,S
24/07/2017,0,2,10.605485,S
24/07/2017,1,2,23.5309736,S
24/07/2017,2,2,31.4787961,S
24/07/2017,3,2,36.3927692,S
25/07/2017,0,2,10.6091241,S
25/07/2017,2,2,31.4324371,S
25/07/2017,1,2,23.5158374,S
25/07/2017,3,2,36.3342281,S
26/07/2017,0,2,10.6103788,S
26/07/2017,3,2,36.4793525,S
26/07/2017,1,2,23.5308937,S
26/07/2017,2,2,31.4956787,S
27/07/2017,0,2,10.6115962,S
27/07/2017,2,2,31.4917059,S
27/07/2017,3,2,36.4722801,S
27/07/2017,1,2,23.5377356,S
28/07/2017,0,2,10.6128052,S
28/07/2017,3,2,36.4213082,S
28/07/2017,2,2,31.4633755,S
28/07/2017,1,2,23.5248379,S
29/07/2017,1,2,23.527915,S
29/07/2017,0,2,10.6140134,S
29/07/2017,3,2,36.3453389,S
29/07/2017,2,2,31.4326568,S
30/07/2017,1,2,23.527915,S
30/07/2017,2,2,31.4326568,S
30/07/2017,3,2,36.3453389,S
30/07/2017,0,2,10.6140134,S
31/07/2017,1,2,23.527915,S
31/07/2017,2,2,31.4326568,S
31/07/2017,3,2,36.3453389,S
31/07/2017,0,2,10.6140134,S
01/08/2017,0,2,10.6179599,S
01/08/2017,3,2,36.3991973,S
01/08/2017,1,2,23.5850796,S
01/08/2017,2,2,31.5188472,S
02/08/2017,0,2,10.6192014,S
02/08/2017,3,2,36.4852687,S
02/08/2017,2,2,31.5745133,S
02/08/2017,1,2,23.6090324,S
03/08/2017,3,2,36.5577528,S
03/08/2017,0,2,10.620446,S
03/08/2017,1,2,23.6445446,S
03/08/2017,2,2,31.6261725,S
04/08/2017,0,2,10.6216406,S
04/08/2017,1,2,23.6519986,S
04/08/2017,3,2,36.5079782,S
04/08/2017,2,2,31.6077159,S
05/08/2017,0,2,10.6228333,S
05/08/2017,3,2,36.5755967,S
05/08/2017,1,2,23.6475646,S
05/08/2017,2,2,31.6368225,S
06/08/2017,0,2,10.6228333,S
06/08/2017,1,2,23.6475646,S
06/08/2017,2,2,31.6368225,S
06/08/2017,3,2,36.5755967,S
07/08/2017,0,2,10.6228333,S
07/08/2017,1,2,23.6475646,S
07/08/2017,2,2,31.6368225,S
07/08/2017,3,2,36.5755967,S
08/08/2017,0,2,10.626439,S
08/08/2017,3,2,36.6028783,S
08/08/2017,1,2,23.6471832,S
08/08/2017,2,2,31.650438,S
09/08/2017,0,2,10.6273159,S
09/08/2017,3,2,36.5880866,S
09/08/2017,2,2,31.6431709,S
09/08/2017,1,2,23.6474566,S
10/08/2017,0,2,10.6284289,S
10/08/2017,2,2,31.59181,S
10/08/2017,3,2,36.4901972,S
10/08/2017,1,2,23.6320252,S
11/08/2017,0,2,10.6296417,S
11/08/2017,2,2,31.4862613,S
11/08/2017,3,2,36.2460237,S
12/08/2017,0,2,10.6308532,S
11/08/2017,1,2,23.6324755,S
12/08/2017,3,2,36.0650963,S
12/08/2017,2,2,31.4140698,S
12/08/2017,1,2,23.6252806,S
13/08/2017,0,2,10.6308532,S
13/08/2017,1,2,23.6252806,S
13/08/2017,2,2,31.4140698,S
13/08/2017,3,2,36.0650963,S
14/08/2017,0,2,10.6308532,S
14/08/2017,1,2,23.6252806,S
14/08/2017,2,2,31.4140698,S
14/08/2017,3,2,36.0650963,S
15/08/2017,0,2,10.6344924,S
15/08/2017,3,2,36.1778986,S
16/08/2017,0,2,10.635723,S
15/08/2017,1,2,23.6327468,S
15/08/2017,2,2,31.4885736,S
16/08/2017,3,2,36.1572068,S
16/08/2017,1,2,23.631674,S
16/08/2017,2,2,31.4842309,S
17/08/2017,0,2,10.6367849,S
17/08/2017,3,2,36.2788738,S
17/08/2017,1,2,23.6480937,S
17/08/2017,2,2,31.5260809,S
18/08/2017,0,2,10.6378582,S
18/08/2017,3,2,36.185596,S
18/08/2017,1,2,23.6329434,S
19/08/2017,0,2,10.6389232,S
18/08/2017,2,2,31.462101,S
20/08/2017,1,2,23.6538383,S
19/08/2017,3,2,36.2129819,S
19/08/2017,2,2,31.4469425,S
19/08/2017,1,2,23.6538383,S
20/08/2017,2,2,31.4469425,S
20/08/2017,3,2,36.2129819,S
20/08/2017,0,2,10.6389232,S
21/08/2017,0,2,10.6389232,S
21/08/2017,1,2,23.6538383,S
21/08/2017,2,2,31.4469425,S
21/08/2017,3,2,36.2129819,S
22/08/2017,0,2,10.642127,S
22/08/2017,3,2,36.1748401,S
22/08/2017,2,2,31.4260782,S
23/08/2017,0,2,10.643137,S
22/08/2017,1,2,23.6531565,S
23/08/2017,2,2,31.5153484,S
23/08/2017,3,2,36.3263081,S
23/08/2017,1,2,23.6855769,S
24/08/2017,0,2,10.6441962,S
24/08/2017,3,2,36.3191182,S
24/08/2017,2,2,31.5152507,S
24/08/2017,1,2,23.6888022,S
25/08/2017,0,2,10.6452651,S
25/08/2017,3,2,36.3672404,S
25/08/2017,1,2,23.7008069,S
25/08/2017,2,2,31.5382089,S
26/08/2017,3,2,36.4602967,S
26/08/2017,0,2,10.6463162,S
27/08/2017,1,2,23.7375787,S
26/08/2017,2,2,31.6106918,S
26/08/2017,1,2,23.7375787,S
27/08/2017,2,2,31.6106918,S
27/08/2017,3,2,36.4602967,S
27/08/2017,0,2,10.6463162,S
28/08/2017,0,2,10.6463162,S
28/08/2017,1,2,23.7375787,S
28/08/2017,2,2,31.6106918,S
28/08/2017,3,2,36.4602967,S
29/08/2017,3,2,36.4775176,S
29/08/2017,0,2,10.6498016,S
29/08/2017,2,2,31.6378097,S
29/08/2017,1,2,23.7673893,S
30/08/2017,3,2,36.3638454,S
30/08/2017,1,2,23.7590713,S
30/08/2017,0,2,10.6509656,S
30/08/2017,2,2,31.5988756,S
31/08/2017,0,2,10.6521172,S
31/08/2017,2,2,31.6194751,S
31/08/2017,3,2,36.3904531,S
31/08/2017,1,2,23.7708444,S
01/09/2017,2,2,31.705352,S
01/09/2017,1,2,23.7923262,S
01/09/2017,0,2,10.6545816,S
01/09/2017,3,2,36.5632326,S
02/09/2017,3,2,36.7221733,S
03/09/2017,0,2,10.6564516,S
02/09/2017,2,2,31.760264,S
02/09/2017,0,2,10.6564516,S
02/09/2017,1,2,23.800558,S
03/09/2017,1,2,23.800558,S
03/09/2017,2,2,31.760264,S
03/09/2017,3,2,36.7221733,S
04/09/2017,0,2,10.6564516,S
04/09/2017,1,2,23.800558,S
04/09/2017,2,2,31.760264,S
04/09/2017,3,2,36.7221733,S
05/09/2017,0,2,10.659868,S
05/09/2017,1,2,23.7951087,S
05/09/2017,2,2,31.7400407,S
05/09/2017,3,2,36.7430336,S
06/09/2017,0,2,10.6612141,S
06/09/2017,1,2,23.803116,S
06/09/2017,3,2,36.6035997,S
06/09/2017,2,2,31.6739583,S
07/09/2017,3,2,36.7740015,S
07/09/2017,0,2,10.6623146,S
07/09/2017,2,2,31.7372718,S
07/09/2017,1,2,23.8210328,S
08/09/2017,0,2,10.6634066,S
08/09/2017,2,2,31.7848412,S
08/09/2017,3,2,36.8561628,S
08/09/2017,1,2,23.8474213,S
09/09/2017,0,2,10.6644632,S
09/09/2017,3,2,36.8250684,S
09/09/2017,1,2,23.8626922,S
09/09/2017,2,2,31.7859389,S
10/09/2017,0,2,10.6644632,S
10/09/2017,1,2,23.8626922,S
10/09/2017,2,2,31.7859389,S
10/09/2017,3,2,36.8250684,S
11/09/2017,0,2,10.6644632,S
11/09/2017,1,2,23.8626922,S
11/09/2017,2,2,31.7859389,S
11/09/2017,3,2,36.8250684,S
12/09/2017,3,2,37.0396685,S
12/09/2017,2,2,31.9255655,S
12/09/2017,0,2,10.6678474,S
12/09/2017,1,2,23.9025227,S
13/09/2017,3,2,37.2248016,S
13/09/2017,0,2,10.6689395,S
13/09/2017,2,2,32.0215298,S
13/09/2017,1,2,23.9325268,S
14/09/2017,0,2,10.6700141,S
14/09/2017,3,2,37.3073589,S
14/09/2017,2,2,32.0602698,S
14/09/2017,1,2,23.9447819,S
16/09/2017,1,2,23.9966164,S
15/09/2017,0,2,10.6711066,S
15/09/2017,2,2,32.0629246,S
15/09/2017,3,2,37.3182147,S
15/09/2017,1,2,23.937281,S
16/09/2017,0,2,10.6722126,S
17/09/2017,0,2,10.6722126,S
16/09/2017,2,2,32.1735445,S
16/09/2017,3,2,37.4112977,S
17/09/2017,1,2,23.9966164,S
17/09/2017,2,2,32.1735445,S
17/09/2017,3,2,37.4112977,S
18/09/2017,3,2,37.4112977,S
18/09/2017,1,2,23.9966164,S
18/09/2017,2,2,32.1735445,S
18/09/2017,0,2,10.6722126,S
19/09/2017,3,2,37.5003435,S
19/09/2017,0,2,10.6755208,S
20/09/2017,3,2,37.6321183,S
19/09/2017,2,2,32.2392832,S
19/09/2017,1,2,24.038015,S
20/09/2017,2,2,32.3076807,S
20/09/2017,1,2,24.0547882,S
20/09/2017,0,2,10.6766481,S
21/09/2017,3,2,37.6793645,S
21/09/2017,2,2,32.341808,S
22/09/2017,1,2,24.0967376,S
21/09/2017,0,2,10.6777466,S
21/09/2017,1,2,24.0661357,S
22/09/2017,0,2,10.6788983,S
22/09/2017,3,2,37.7278648,S
22/09/2017,2,2,32.3792249,S
23/09/2017,3,2,37.7026327,S
23/09/2017,1,2,24.0981573,S
23/09/2017,0,2,10.6800295,S
23/09/2017,2,2,32.3561899,S
24/09/2017,2,2,32.3561899,S
24/09/2017,3,2,37.7026327,S
24/09/2017,1,2,24.0981573,S
24/09/2017,0,2,10.6800295,S
25/09/2017,0,2,10.6800295,S
25/09/2017,1,2,24.0981573,S
25/09/2017,2,2,32.3561899,S
25/09/2017,3,2,37.7026327,S
26/09/2017,0,2,10.6834142,S
26/09/2017,3,2,37.8478839,S
26/09/2017,2,2,32.3947139,S
26/09/2017,1,2,24.1282176,S
27/09/2017,3,2,37.9026883,S
27/09/2017,0,2,10.6845774,S
27/09/2017,2,2,32.394216,S
27/09/2017,1,2,24.1131782,S
28/09/2017,1,2,24.1018767,S
28/09/2017,0,2,10.6856836,S
28/09/2017,3,2,37.9952661,S
28/09/2017,2,2,32.4228255,S
29/09/2017,3,2,38.0527664,S
29/09/2017,1,2,24.06739,S
29/09/2017,0,2,10.6868035,S
29/09/2017,2,2,32.4123592,S
30/09/2017,3,2,38.2285724,S
30/09/2017,0,2,10.6879373,S
30/09/2017,1,2,24.1032598,S
30/09/2017,2,2,32.5103496,S
01/10/2017,0,2,10.6879373,S
01/10/2017,1,2,24.1032598,S
01/10/2017,2,2,32.5103496,S
01/10/2017,3,2,38.2285724,S
02/10/2017,0,2,10.6879373,S
02/10/2017,1,2,24.1032598,S
02/10/2017,2,2,32.5103496,S
02/10/2017,3,2,38.2285724,S
03/10/2017,3,2,38.4050805,S
03/10/2017,1,2,24.1408691,S
03/10/2017,0,2,10.6935589,S
03/10/2017,2,2,32.5920876,S
04/10/2017,0,2,10.6947915,S
04/10/2017,3,2,38.5562883,S
04/10/2017,2,2,32.6207497,S
05/10/2017,3,2,38.6987751,S
04/10/2017,1,2,24.1189302,S
05/10/2017,1,2,24.145254,S
05/10/2017,0,2,10.6959815,S
05/10/2017,2,2,32.6641693,S
06/10/2017,3,2,38.94884,S
06/10/2017,1,2,24.1918794,S
06/10/2017,0,2,10.6971524,S
06/10/2017,2,2,32.7660993,S
07/10/2017,0,2,10.6983222,S
07/10/2017,2,2,32.7882523,S
07/10/2017,3,2,38.9449316,S
07/10/2017,1,2,24.1991194,S
08/10/2017,3,2,38.9449316,S
08/10/2017,1,2,24.1991194,S
08/10/2017,2,2,32.7882523,S
08/10/2017,0,2,10.6983222,S
09/10/2017,3,2,38.9449316,S
09/10/2017,0,2,10.6983222,S
09/10/2017,1,2,24.1991194,S
09/10/2017,2,2,32.7882523,S
10/10/2017,2,2,32.8460684,S
10/10/2017,3,2,38.955451,S
10/10/2017,0,2,10.701567,S
10/10/2017,1,2,24.2248584,S
12/10/2017,0,2,10.7038392,S
11/10/2017,3,2,38.9923546,S
11/10/2017,2,2,32.8993114,S
11/10/2017,1,2,24.2292631,S
11/10/2017,0,2,10.7026812,S
12/10/2017,1,2,24.2386286,S
12/10/2017,3,2,38.9627261,S
12/10/2017,2,2,32.9031046,S
13/10/2017,3,2,38.9934445,S
13/10/2017,0,2,10.7049815,S
13/10/2017,1,2,24.2350446,S
13/10/2017,2,2,32.8922617,S
14/10/2017,0,2,10.7061432,S
14/10/2017,2,2,32.9248795,S
14/10/2017,1,2,24.2262932,S
14/10/2017,3,2,39.0510555,S
15/10/2017,0,2,10.7061432,S
15/10/2017,1,2,24.2262932,S
15/10/2017,2,2,32.9248795,S
15/10/2017,3,2,39.0510555,S
16/10/2017,0,2,10.7061432,S
16/10/2017,1,2,24.2262932,S
16/10/2017,2,2,32.9248795,S
16/10/2017,3,2,39.0510555,S
17/10/2017,2,2,32.9185304,S
17/10/2017,0,2,10.7096016,S
17/10/2017,1,2,24.2127472,S
17/10/2017,3,2,39.1025901,S
18/10/2017,2,2,32.8832944,S
18/10/2017,1,2,24.2077378,S
18/10/2017,0,2,10.7107434,S
18/10/2017,3,2,39.0755922,S
19/10/2017,2,2,32.8409702,S
19/10/2017,0,2,10.7118219,S
19/10/2017,1,2,24.1817774,S
19/10/2017,3,2,38.9785639,S
20/10/2017,3,2,38.9314154,S
20/10/2017,2,2,32.8179667,S
20/10/2017,0,2,10.7129156,S
21/10/2017,3,2,39.0314734,S
20/10/2017,1,2,24.1790781,S
21/10/2017,0,2,10.7140059,S
21/10/2017,2,2,32.8530451,S
21/10/2017,1,2,24.18884,S
22/10/2017,0,2,10.7140059,S
22/10/2017,1,2,24.18884,S
22/10/2017,2,2,32.8530451,S
22/10/2017,3,2,39.0314734,S
23/10/2017,3,2,39.0314734,S
23/10/2017,0,2,10.7140059,S
23/10/2017,1,2,24.18884,S
23/10/2017,2,2,32.8530451,S
24/10/2017,3,2,39.163449,S
24/10/2017,1,2,24.1955941,S
24/10/2017,0,2,10.7173136,S
24/10/2017,2,2,32.8693617,S
25/10/2017,1,2,24.142056,S
25/10/2017,3,2,39.1500882,S
26/10/2017,3,2,39.2090905,S
25/10/2017,0,2,10.7184211,S
25/10/2017,2,2,32.8317037,S
26/10/2017,2,2,32.8337022,S
26/10/2017,1,2,24.1350166,S
26/10/2017,0,2,10.7195235,S
27/10/2017,3,2,39.3065654,S
27/10/2017,1,2,24.1455999,S
27/10/2017,0,2,10.7206343,S
28/10/2017,3,2,39.5582636,S
27/10/2017,2,2,32.8589459,S
28/10/2017,1,2,24.1332191,S
28/10/2017,0,2,10.7217443,S
29/10/2017,0,2,10.7217443,S
28/10/2017,2,2,32.960739,S
29/10/2017,1,2,24.1332191,S
29/10/2017,2,2,32.960739,S
29/10/2017,3,2,39.5582636,S
30/10/2017,0,2,10.7217443,S
30/10/2017,1,2,24.1332191,S
30/10/2017,2,2,32.960739,S
30/10/2017,3,2,39.5582636,S
31/10/2017,3,2,39.4919208,S
31/10/2017,2,2,32.9255906,S
31/10/2017,1,2,24.1190518,S
31/10/2017,0,2,10.7249845,S
01/11/2017,1,2,24.1208636,S
01/11/2017,3,2,39.5233952,S
01/11/2017,0,2,10.7267087,S
01/11/2017,2,2,32.9453112,S
02/11/2017,3,2,39.5470122,S
02/11/2017,0,2,10.7277021,S
02/11/2017,1,2,24.1243168,S
02/11/2017,2,2,32.9713931,S
03/11/2017,1,2,24.1422507,S
03/11/2017,3,2,39.7018546,S
03/11/2017,0,2,10.728704,S
03/11/2017,2,2,33.0363847,S
04/11/2017,0,2,10.7298788,S
04/11/2017,3,2,39.692264,S
04/11/2017,1,2,24.147813,S
05/11/2017,0,2,10.7298788,S
04/11/2017,2,2,33.0488322,S
05/11/2017,1,2,24.147813,S
05/11/2017,2,2,33.0488322,S
05/11/2017,3,2,39.692264,S
06/11/2017,0,2,10.7298788,S
06/11/2017,1,2,24.147813,S
06/11/2017,2,2,33.0488322,S
06/11/2017,3,2,39.692264,S
07/11/2017,3,2,39.6758006,S
07/11/2017,2,2,33.0730262,S
07/11/2017,0,2,10.7331472,S
07/11/2017,1,2,24.1572449,S
08/11/2017,3,2,39.6370014,S
08/11/2017,0,2,10.7342253,S
08/11/2017,1,2,24.1777011,S
08/11/2017,2,2,33.0847815,S
09/11/2017,0,2,10.7352711,S
09/11/2017,1,2,24.1851288,S
10/11/2017,3,2,39.4479851,S
09/11/2017,3,2,39.6069546,S
09/11/2017,2,2,33.0994212,S
10/11/2017,2,2,33.0098607,S
10/11/2017,1,2,24.1537519,S
10/11/2017,0,2,10.7361672,S
11/11/2017,1,2,24.1769552,S
11/11/2017,2,2,32.9700674,S
11/11/2017,0,2,10.7371645,S
11/11/2017,3,2,39.1792988,S
12/11/2017,0,2,10.7371645,S
12/11/2017,2,2,32.9700674,S
12/11/2017,1,2,24.1769552,S
12/11/2017,3,2,39.1792988,S
13/11/2017,0,2,10.7371645,S
13/11/2017,1,2,24.1769552,S
13/11/2017,2,2,32.9700674,S
13/11/2017,3,2,39.1792988,S
14/11/2017,1,2,24.1430971,S
14/11/2017,0,2,10.7402025,S
14/11/2017,3,2,38.918919,S
14/11/2017,2,2,32.8748719,S
15/11/2017,3,2,38.7565162,S
15/11/2017,1,2,24.132558,S
15/11/2017,0,2,10.7412257,S
16/11/2017,3,2,38.6596249,S
15/11/2017,2,2,32.8096403,S
16/11/2017,2,2,32.7354923,S
16/11/2017,1,2,24.1069944,S
16/11/2017,0,2,10.7422453,S
17/11/2017,0,2,10.7432786,S
17/11/2017,3,2,38.6549718,S
17/11/2017,2,2,32.7632655,S
17/11/2017,1,2,24.1000375,S
18/11/2017,1,2,24.1231418,S
18/11/2017,0,2,10.7443105,S
18/11/2017,2,2,32.8061909,S
18/11/2017,3,2,38.7025808,S
19/11/2017,0,2,10.7443105,S
19/11/2017,1,2,24.1231418,S
19/11/2017,2,2,32.8061909,S
19/11/2017,3,2,38.7025808,S
20/11/2017,0,2,10.7443105,S
20/11/2017,1,2,24.1231418,S
20/11/2017,2,2,32.8061909,S
20/11/2017,3,2,38.7025808,S
21/11/2017,1,2,24.1057906,S
21/11/2017,0,2,10.7474935,S
21/11/2017,2,2,32.7937211,S
22/11/2017,3,2,38.9304729,S
21/11/2017,3,2,38.6950245,S
22/11/2017,0,2,10.7485813,S
22/11/2017,1,2,24.1316115,S
22/11/2017,2,2,32.8954365,S
23/11/2017,3,2,39.1008585,S
23/11/2017,0,2,10.7496395,S
23/11/2017,2,2,32.9649508,S
24/11/2017,0,2,10.7507069,S
24/11/2017,2,2,32.9904298,S
24/11/2017,3,2,39.1261593,S
25/11/2017,0,2,10.7517755,S
25/11/2017,3,2,39.1866733,S
25/11/2017,2,2,33.0480194,S
26/11/2017,0,2,10.7517755,S
26/11/2017,2,2,33.0480194,S
26/11/2017,3,2,39.1866733,S
27/11/2017,0,2,10.7517755,S
27/11/2017,2,2,33.0480194,S
27/11/2017,3,2,39.1866733,S
28/11/2017,3,2,39.0764265,S
28/11/2017,2,2,32.9877306,S
28/11/2017,0,2,10.7549819,S
29/11/2017,3,2,39.0993949,S
29/11/2017,0,2,10.7560804,S
29/11/2017,2,2,33.056055,S
30/11/2017,3,2,39.1582544,S
30/11/2017,1,2,24.2836954,S
30/11/2017,0,2,10.7571625,S
30/11/2017,2,2,33.0721857,S
01/12/2017,3,2,39.206268,S
01/12/2017,1,2,24.2642095,S
01/12/2017,0,2,10.7592871,S
02/12/2017,0,2,10.7604277,S
01/12/2017,2,2,33.0665301,S
02/12/2017,3,2,39.1271499,S
02/12/2017,1,2,24.2917061,S
02/12/2017,2,2,33.0577558,S
03/12/2017,0,2,10.7604277,S
03/12/2017,1,2,24.2917061,S
03/12/2017,2,2,33.0577558,S
03/12/2017,3,2,39.1271499,S
04/12/2017,0,2,10.7604277,S
04/12/2017,1,2,24.2917061,S
04/12/2017,2,2,33.0577558,S
04/12/2017,3,2,39.1271499,S
05/12/2017,0,2,10.7637263,S
05/12/2017,3,2,39.0603037,S
05/12/2017,1,2,24.2725663,S
06/12/2017,3,2,39.0279149,S
05/12/2017,2,2,33.0267402,S
06/12/2017,0,2,10.7648321,S
06/12/2017,1,2,24.2839027,S
06/12/2017,2,2,33.0219397,S
07/12/2017,1,2,24.2580648,S
07/12/2017,0,2,10.7659164,S
07/12/2017,3,2,38.699401,S
07/12/2017,2,2,32.9106015,S
08/12/2017,2,2,32.914135,S
08/12/2017,1,2,24.2592556,S
08/12/2017,0,2,10.7670036,S
08/12/2017,3,2,38.6894552,S
09/12/2017,3,2,38.8437965,S
10/12/2017,3,2,38.8437965,S
09/12/2017,0,2,10.7680898,S
09/12/2017,2,2,32.99176,S
09/12/2017,1,2,24.2673921,S
10/12/2017,0,2,10.7680898,S
10/12/2017,1,2,24.2673921,S
10/12/2017,2,2,32.99176,S
11/12/2017,0,2,10.7680898,S
11/12/2017,1,2,24.2673921,S
11/12/2017,2,2,32.99176,S
11/12/2017,3,2,38.8437965,S
12/12/2017,2,2,33.0351767,S
12/12/2017,1,2,24.2850282,S
12/12/2017,0,2,10.7709156,S
13/12/2017,3,2,38.9111233,S
12/12/2017,3,2,38.9002561,S
13/12/2017,0,2,10.771951,S
13/12/2017,2,2,33.0542167,S
13/12/2017,1,2,24.2824562,S
14/12/2017,0,2,10.7729781,S
14/12/2017,2,2,33.0518953,S
14/12/2017,1,2,24.2858667,S
14/12/2017,3,2,38.8482692,S
15/12/2017,1,2,24.2742947,S
15/12/2017,0,2,10.7740143,S
15/12/2017,3,2,38.5004132,S
15/12/2017,2,2,32.9432188,S
16/12/2017,3,2,38.8414899,S
16/12/2017,0,2,10.7750422,S
16/12/2017,1,2,24.3249902,S
16/12/2017,2,2,33.1283346,S
17/12/2017,1,2,24.3249902,S
17/12/2017,2,2,33.1283346,S
17/12/2017,3,2,38.8414899,S
17/12/2017,0,2,10.7750422,S
18/12/2017,0,2,10.7750422,S
18/12/2017,1,2,24.3249902,S
18/12/2017,2,2,33.1283346,S
18/12/2017,3,2,38.8414899,S
19/12/2017,3,2,38.9905027,S
19/12/2017,0,2,10.7781509,S
19/12/2017,1,2,24.3055513,S
19/12/2017,2,2,33.1628284,S
20/12/2017,3,2,39.0537943,S
21/12/2017,1,2,24.3574996,S
20/12/2017,2,2,33.2400638,S
20/12/2017,0,2,10.779237,S
20/12/2017,1,2,24.3777652,S
21/12/2017,3,2,38.9793008,S
21/12/2017,0,2,10.780293,S
22/12/2017,3,2,39.0427142,S
22/12/2017,1,2,24.3517577,S
23/12/2017,3,2,39.1117469,S
23/12/2017,1,2,24.3144032,S
23/12/2017,0,2,10.7824291,S
24/12/2017,0,2,10.7824291,S
24/12/2017,1,2,24.3144032,S
24/12/2017,2,2,33.1860167,S
24/12/2017,3,2,39.1117469,S
25/12/2017,0,2,10.7824291,S
25/12/2017,1,2,24.3144032,S
25/12/2017,2,2,33.1860167,S
25/12/2017,3,2,39.1117469,S
26/12/2017,0,2,10.7824291,S
26/12/2017,1,2,24.3144032,S
26/12/2017,2,2,33.1860167,S
26/12/2017,3,2,39.1117469,S
27/12/2017,3,2,39.1168043,S
27/12/2017,1,2,24.3279355,S
28/12/2017,3,2,39.1394952,S
28/12/2017,1,2,24.3481513,S
29/12/2017,3,2,39.2712337,S
30/12/2017,2,2,33.3954027,S
30/12/2017,3,2,39.3901012,S
31/12/2017,0,2,10.7895884,S
31/12/2017,1,2,24.4223807,S
31/12/2017,2,2,33.3954027,S
31/12/2017,3,2,39.3901012,S
25/11/2017,1,2,24.2234327,S
22/12/2017,2,2,33.208901,S
27/12/2017,0,2,10.7840329,S
23/12/2017,2,2,33.1860165,S
21/12/2017,2,2,33.1919295,S
28/12/2017,0,2,10.7850707,S
27/11/2017,1,2,24.2234327,S
29/12/2017,1,2,13.0436924,S
29/12/2017,0,2,10.7930526,S
24/11/2017,1,2,24.1903434,S
28/11/2017,1,2,24.2172051,S
26/11/2017,1,2,24.2234327,S
29/12/2017,2,2,33.3287676,S
29/11/2017,1,2,24.2697186,S
28/12/2017,2,2,33.2494403,S
27/12/2017,2,2,33.2175232,S
23/11/2017,1,2,24.1637337,S
